Currency,AverageExchange
AUD,1.367304993
CAD,1.310170575
EUR,0.883785466
GBP,0.747151003
USD,1